"","time","V","V50","Time","frac"
"1",-3.7,1.059482548,-3.04620138931556,0,0.000909567821388745
"2",-3.6,1.23436139805405,-2.87132253926151,0.1,0.00115038220708581
"3",-3.5,1.40924024810811,-2.69644368920745,0.2,0.00145486102825912
"4",-3.4,1.58411909816216,-2.5215648391534,0.3,0.00183977971926843
"5",-3.3,1.75899794821622,-2.34668598909935,0.4,0.00232630070997913
"6",-3.2,1.93387679827027,-2.17180713904529,0.5,0.00294110076712347
"7",-3.1,2.10875564832432,-1.99692828899124,0.6,0.00371777610991162
"8",-3,2.28363449837838,-1.82204943893718,0.7,0.00469858656133101
"9",-2.9,2.45851334843243,-1.64717058888313,0.8,0.00593660907947888
"10",-2.8,2.63339219848649,-1.47229173882907,0.9,0.00749837847726084
"11",-2.7,2.80827104854054,-1.29741288877502,1,0.00946709640362992
"12",-2.6,2.9831498985946,-1.12253403872097,1.1,0.0119464844277276
"13",-2.5,3.15802874864865,-0.947655188666912,1.2,0.015065336490893
"14",-2.4,3.3329075987027,-0.772776338612858,1.3,0.0189827796074067
"15",-2.3,3.50778644875676,-0.597897488558804,1.4,0.0238941642357493
"16",-2.2,3.68266529881081,-0.423018638504751,1.5,0.0300373561775624
"17",-2.1,3.85754414886487,-0.248139788450696,1.6,0.0376989635049952
"18",-2,4.03242299891892,-0.0732609383966419,1.7,0.0472196753705861
"19",-1.9,4.20730184897297,0.101617911657412,1.8,0.0589973907923116
"20",-1.8,4.38218069902703,0.276496761711466,1.9,0.0734861748918803
"21",-1.7,4.55705954908108,0.45137561176552,2,0.0911883550789647
"22",-1.6,4.73193839913514,0.626254461819574,2.1,0.112636424724618
"23",-1.5,4.90681724918919,0.801133311873628,2.2,0.138361185403899
"24",-1.4,5.08169609924324,0.976012161927682,2.3,0.168843254274276
"25",-1.3,5.2565749492973,1.15089101198174,2.4,0.204447343146354
"26",-1.2,5.43145379935135,1.32576986203579,2.5,0.24534310001582
"27",-1.1,5.60633264940541,1.50064871208984,2.6,0.291422661656614
"28",-1,5.78121149945946,1.6755275621439,2.7,0.342231973320901
"29",-0.9,5.95609034951351,1.85040641219795,2.8,0.396937376825699
"30",-0.8,6.13096919956757,2.02528526225201,2.9,0.454347128958469
"31",-0.7,6.30584804962162,2.20016411230606,3,0.512996951172568
"32",-0.6,6.48072689967568,2.37504296236011,3.1,0.571291046830288
"33",-0.5,6.65560574972973,2.54992181241417,3.2,0.627671767006499
"34",-0.4,6.83048459978378,2.72480066246822,3.3,0.680780845829988
"35",-0.3,7.00536344983784,2.89967951252228,3.4,0.729578198508351
"36",-0.2,7.18024229989189,3.07455836257633,3.5,0.773399049468078
"37",-0.1,7.35512114994595,3.24943721263038,3.6,0.811949198002979
"38",0,7.53,3.42431606268444,3.7,0.845253284693416
"39",0.1,7.5241804539425,3.41849651662694,3.8,0.844227103318508
"40",0.2,7.51836090788499,3.41267697056943,3.9,0.843195379369462
"41",0.3,7.51254136182749,3.40685742451193,4,0.842158099656926
"42",0.4,7.50672181576999,3.40103787845442,4.1,0.84111525119107
"43",0.5,7.50090226971248,3.39521833239692,4.2,0.840066821184951
"44",0.6,7.49508272365498,3.38939878633942,4.3,0.839012797057909
"45",0.7,7.48926317759748,3.38357924028191,4.4,0.837953166438962
"46",0.8,7.48344363153997,3.37775969422441,4.5,0.836887917170219
"47",0.9,7.47762408548247,3.37194014816691,4.6,0.835817037310305
"48",1,7.47180453942496,3.3661206021094,4.7,0.83474051513779
"49",1.1,7.46598499336746,3.3603010560519,4.8,0.833658339154638
"50",1.2,7.46016544730996,3.3544815099944,4.9,0.832570498089655
"51",1.3,7.45434590125245,3.34866196393689,5,0.831476980901956
"52",1.4,7.44852635519495,3.34284241787939,5.1,0.830377776784435
"53",1.5,7.44270680913745,3.33702287182189,5.2,0.829272875167241
"54",1.6,7.43688726307994,3.33120332576438,5.3,0.828162265721267
"55",1.7,7.43106771702244,3.32538377970688,5.4,0.827045938361641
"56",1.8,7.42524817096494,3.31956423364937,5.5,0.825923883251225
"57",1.9,7.41942862490743,3.31374468759187,5.6,0.824796090804117
"58",2,7.41360907884993,3.30792514153437,5.7,0.823662551689163
"59",2.1,7.40778953279243,3.30210559547686,5.8,0.822523256833467
"60",2.2,7.40196998673492,3.29628604941936,5.9,0.821378197425908
"61",2.3,7.39615044067742,3.29046650336186,6,0.820227364920654
"62",2.4,7.39033089461991,3.28464695730435,6.1,0.819070751040688
"63",2.5,7.38451134856241,3.27882741124685,6.2,0.817908347781329
"64",2.6,7.37869180250491,3.27300786518935,6.3,0.816740147413747
"65",2.7,7.3728722564474,3.26718831913184,6.4,0.815566142488493
"66",2.8,7.3670527103899,3.26136877307434,6.5,0.814386325839014
"67",2.9,7.3612331643324,3.25554922701683,6.6,0.813200690585171
"68",3,7.35541361827489,3.24972968095933,6.7,0.812009230136761
"69",3.1,7.34959407221739,3.24391013490183,6.8,0.810811938197022
"70",3.2,7.34377452615989,3.23809058884432,6.9,0.809608808766146
"71",3.3,7.33795498010238,3.23227104278682,7,0.808399836144781
"72",3.4,7.33213543404488,3.22645149672932,7.1,0.807185014937528
"73",3.5,7.32631588798738,3.22063195067181,7.2,0.805964340056432
"74",3.6,7.32049634192987,3.21481240461431,7.3,0.804737806724465
"75",3.7,7.31467679587237,3.20899285855681,7.4,0.803505410479002
"76",3.8,7.30885724981486,3.2031733124993,7.5,0.802267147175286
"77",3.9,7.30303770375736,3.1973537664418,7.6,0.801023012989881
"78",4,7.29721815769986,3.1915342203843,7.7,0.799773004424121
"79",4.1,7.29139861164235,3.18571467432679,7.8,0.798517118307537
"80",4.2,7.28557906558485,3.17989512826929,7.9,0.797255351801283
"81",4.3,7.27975951952735,3.17407558221179,8,0.795987702401537
"82",4.4,7.27393997346984,3.16825603615428,8.1,0.794714167942893
"83",4.5,7.26812042741234,3.16243649009678,8.2,0.793434746601741
"84",4.6,7.26230088135484,3.15661694403927,8.3,0.792149436899619
"85",4.7,7.25648133529733,3.15079739798177,8.4,0.79085823770656
"86",4.8,7.25066178923983,3.14497785192427,8.5,0.789561148244414
"87",4.9,7.24484224318233,3.13915830586676,8.6,0.788258168090153
"88",5,7.23902269712482,3.13333875980926,8.7,0.786949297179148
"89",5.1,7.23320315106732,3.12751921375176,8.8,0.78563453580844
"90",5.2,7.22738360500981,3.12169966769425,8.9,0.784313884639974
"91",5.3,7.22156405895231,3.11588012163675,9,0.782987344703815
"92",5.4,7.21574451289481,3.11006057557925,9.1,0.781654917401342
"93",5.5,7.2099249668373,3.10424102952174,9.2,0.780316604508415
"94",5.6,7.2041054207798,3.09842148346424,9.3,0.778972408178509
"95",5.7,7.1982858747223,3.09260193740674,9.4,0.777622330945836
"96",5.8,7.19246632866479,3.08678239134923,9.5,0.776266375728418
"97",5.9,7.18664678260729,3.08096284529173,9.6,0.77490454583115
"98",6,7.18082723654979,3.07514329923422,9.7,0.773536844948819
"99",6.1,7.17500769049228,3.06932375317672,9.8,0.772163277169097
"100",6.2,7.16918814443478,3.06350420711922,9.9,0.770783846975502
"101",6.3,7.16336859837728,3.05768466106171,10,0.76939855925032
"102",6.4,7.15754905231977,3.05186511500421,10.1,0.768007419277498
"103",6.5,7.15172950626227,3.04604556894671,10.2,0.7666104327455
"104",6.6,7.14590996020476,3.0402260228892,10.3,0.765207605750119
"105",6.7,7.14009041414726,3.0344064768317,10.4,0.763798944797265
"106",6.8,7.13427086808976,3.0285869307742,10.5,0.762384456805697
"107",6.9,7.12845132203225,3.02276738471669,10.6,0.76096414910973
"108",7,7.12263177597475,3.01694783865919,10.7,0.75953802946189
"109",7.1,7.11681222991725,3.01112829260168,10.8,0.758106106035529
"110",7.2,7.11099268385974,3.00530874654418,10.9,0.756668387427403
"111",7.3,7.10517313780224,2.99948920048668,11,0.755224882660196
"112",7.4,7.09935359174474,2.99366965442917,11.1,0.753775601185007
"113",7.5,7.09353404568723,2.98785010837167,11.2,0.752320552883778
"114",7.6,7.08771449962973,2.98203056231417,11.3,0.750859748071692
"115",7.7,7.08189495357222,2.97621101625666,11.4,0.749393197499503
"116",7.8,7.07607540751472,2.97039147019916,11.5,0.747920912355832
"117",7.9,7.07025586145722,2.96457192414166,11.6,0.746442904269401
"118",8,7.06443631539971,2.95875237808415,11.7,0.744959185311219
"119",8.1,7.05861676934221,2.95293283202665,11.8,0.743469767996716
"120",8.2,7.05279722328471,2.94711328596915,11.9,0.74197466528782
"121",8.3,7.0469776772272,2.94129373991164,12,0.740473890594979
"122",8.4,7.0411581311697,2.93547419385414,12.1,0.738967457779127
"123",8.5,7.0353385851122,2.92965464779663,12.2,0.737455381153597
"124",8.6,7.02951903905469,2.92383510173913,12.3,0.735937675485962
"125",8.7,7.02369949299719,2.91801555568163,12.4,0.734414355999836
"126",8.8,7.01787994693969,2.91219600962412,12.5,0.732885438376594
"127",8.9,7.01206040088218,2.90637646356662,12.6,0.731350938757045
"128",9,7.00624085482468,2.90055691750912,12.7,0.729810873743037
"129",9.1,7.00042130876717,2.89473737145161,12.8,0.728265260398994
"130",9.2,6.99460176270967,2.88891782539411,12.9,0.7267141162534
"131",9.3,6.98878221665217,2.88309827933661,13,0.7251574593002
"132",9.4,6.98296267059466,2.8772787332791,13.1,0.723595308000151
"133",9.5,6.97714312453716,2.8714591872216,13.2,0.722027681282095
"134",9.6,6.97132357847966,2.8656396411641,13.3,0.720454598544165
"135",9.7,6.96550403242215,2.85982009510659,13.4,0.718876079654924
"136",9.8,6.95968448636465,2.85400054904909,13.5,0.717292144954432
"137",9.9,6.95386494030715,2.84818100299158,13.6,0.715702815255239
"138",10,6.94804539424964,2.84236145693408,13.7,0.714108111843306
"139",10.1,6.94222584819214,2.83654191087658,13.8,0.712508056478859
"140",10.2,6.93640630213464,2.83072236481907,13.9,0.710902671397158
"141",10.3,6.93058675607713,2.82490281876157,14,0.709291979309197
"142",10.4,6.92476721001963,2.81908327270407,14.1,0.707676003402329
"143",10.5,6.91894766396212,2.81326372664656,14.2,0.706054767340809
"144",10.6,6.91312811790462,2.80744418058906,14.3,0.704428295266263
"145",10.7,6.90730857184712,2.80162463453156,14.4,0.702796611798078
"146",10.8,6.90148902578961,2.79580508847405,14.5,0.70115974203371
"147",10.9,6.89566947973211,2.78998554241655,14.6,0.699517711548912
"148",11,6.88984993367461,2.78416599635905,14.7,0.697870546397884
"149",11.1,6.8840303876171,2.77834645030154,14.8,0.69621827311334
"150",11.2,6.8782108415596,2.77252690424404,14.9,0.69456091870649
"151",11.3,6.8723912955021,2.76670735818653,15,0.692898510666938
"152",11.4,6.86657174944459,2.76088781212903,15.1,0.691231076962502
"153",11.5,6.86075220338709,2.75506826607153,15.2,0.689558646038943
"154",11.6,6.85493265732959,2.74924872001402,15.3,0.687881246819614
"155",11.7,6.84911311127208,2.74342917395652,15.4,0.686198908705015
"156",11.8,6.84329356521458,2.73760962789902,15.5,0.68451166157227
"157",11.9,6.83747401915707,2.73179008184151,15.6,0.682819535774514
"158",12,6.83165447309957,2.72597053578401,15.7,0.681122562140187
"159",12.1,6.82583492704207,2.72015098972651,15.8,0.679420771972248
"160",12.2,6.82001538098456,2.714331443669,15.9,0.677714197047295
"161",12.3,6.81419583492706,2.7085118976115,16,0.676002869614596
"162",12.4,6.80837628886956,2.702692351554,16.1,0.674286822395032
"163",12.5,6.80255674281205,2.69687280549649,16.2,0.672566088579948
"164",12.6,6.79673719675455,2.69105325943899,16.3,0.670840701829915
"165",12.7,6.79091765069705,2.68523371338148,16.4,0.669110696273397
"166",12.8,6.78509810463954,2.67941416732398,16.5,0.667376106505333
"167",12.9,6.77927855858204,2.67359462126648,16.6,0.665636967585621
"168",13,6.77345901252454,2.66777507520897,16.7,0.663893315037515
"169",13.1,6.76763946646703,2.66195552915147,16.8,0.662145184845924
"170",13.2,6.76181992040953,2.65613598309397,16.9,0.660392613455623
"171",13.3,6.75600037435202,2.65031643703646,17,0.658635637769369
"172",13.4,6.75018082829452,2.64449689097896,17.1,0.656874295145926
"173",13.5,6.74436128223702,2.63867734492146,17.2,0.655108623397992
"174",13.6,6.73854173617951,2.63285779886395,17.3,0.653338660790039
"175",13.7,6.73272219012201,2.62703825280645,17.4,0.651564446036053
"176",13.8,6.72690264406451,2.62121870674895,17.5,0.649786018297186
"177",13.9,6.721083098007,2.61539916069144,17.6,0.64800341717931
"178",14,6.7152635519495,2.60957961463394,17.7,0.646216682730482
"179",14.1,6.709444005892,2.60376006857643,17.8,0.644425855438309
"180",14.2,6.70362445983449,2.59794052251893,17.9,0.642630976227225
"181",14.3,6.69780491377699,2.59212097646143,18,0.640832086455671
"182",14.4,6.69198536771949,2.58630143040392,18.1,0.639029227913187
"183",14.5,6.68616582166198,2.58048188434642,18.2,0.6372224428174
"184",14.6,6.68034627560448,2.57466233828892,18.3,0.635411773810931
"185",14.7,6.67452672954698,2.56884279223141,18.4,0.633597263958202
"186",14.8,6.66870718348947,2.56302324617391,18.5,0.631778956742149
"187",14.9,6.66288763743197,2.55720370011641,18.6,0.629956896060851
"188",15,6.65706809137446,2.5513841540589,18.7,0.628131126224057
"189",15.1,6.65124854531696,2.5455646080014,18.8,0.626301691949626
"190",15.2,6.64542899925946,2.5397450619439,18.9,0.624468638359878
"191",15.3,6.63960945320195,2.53392551588639,19,0.622632010977848
"192",15.4,6.63378990714445,2.52810596982889,19.1,0.620791855723455
"193",15.5,6.62797036108695,2.52228642377138,19.2,0.618948218909576
"194",15.6,6.62215081502944,2.51646687771388,19.3,0.617101147238037
"195",15.7,6.61633126897194,2.51064733165638,19.4,0.615250687795505
"196",15.8,6.61051172291444,2.50482778559887,19.5,0.613396888049302
"197",15.9,6.60469217685693,2.49900823954137,19.6,0.611539795843126
"198",16,6.59887263079943,2.49318869348387,19.7,0.609679459392685
"199",16.1,6.59305308474192,2.48736914742636,19.8,0.60781592728124
"200",16.2,6.58723353868442,2.48154960136886,19.9,0.605949248455077
"201",16.3,6.58141399262692,2.47573005531136,20,0.604079472218872
"202",16.4,6.57559444656941,2.46991050925385,20.1,0.602206648230993
"203",16.5,6.56977490051191,2.46409096319635,20.2,0.600330826498702
"204",16.6,6.56395535445441,2.45827141713885,20.3,0.598452057373286
"205",16.7,6.5581358083969,2.45245187108134,20.4,0.596570391545098
"206",16.8,6.5523162623394,2.44663232502384,20.5,0.59468588003852
"207",16.9,6.5464967162819,2.44081277896633,20.6,0.592798574206851
"208",17,6.54067717022439,2.43499323290883,20.7,0.590908525727105
"209",17.1,6.53485762416689,2.42917368685133,20.8,0.58901578659474
"210",17.2,6.52903807810939,2.42335414079382,20.9,0.587120409118309
"211",17.3,6.52321853205188,2.41753459473632,21,0.585222445914029
"212",17.4,6.51739898599438,2.41171504867882,21.1,0.583321949900285
"213",17.5,6.51157943993687,2.40589550262131,21.2,0.581418974292048
"214",17.6,6.50575989387937,2.40007595656381,21.3,0.579513572595232
"215",17.7,6.49994034782187,2.39425641050631,21.4,0.577605798600973
"216",17.8,6.49412080176436,2.3884368644488,21.5,0.575695706379839
"217",17.9,6.48830125570686,2.3826173183913,21.6,0.573783350275971
"218",18,6.48248170964936,2.3767977723338,21.7,0.57186878490116
"219",18.1,6.47666216359185,2.37097822627629,21.8,0.56995206512885
"220",18.2,6.47084261753435,2.36515868021879,21.9,0.568033246088083
"221",18.3,6.46502307147685,2.35933913416128,22,0.566112383157377
"222",18.4,6.45920352541934,2.35351958810378,22.1,0.564189531958544
"223",18.5,6.45338397936184,2.34770004204628,22.2,0.562264748350443
"224",18.6,6.44756443330434,2.34188049598877,22.3,0.560338088422675
"225",18.7,6.44174488724683,2.33606094993127,22.4,0.558409608489226
"226",18.8,6.43592534118933,2.33024140387377,22.5,0.556479365082044
"227",18.9,6.43010579513182,2.32442185781626,22.6,0.554547414944566
"228",19,6.42428624907432,2.31860231175876,22.7,0.552613815025193
"229",19.1,6.41846670301682,2.31278276570126,22.8,0.550678622470709
"230",19.2,6.41264715695931,2.30696321964375,22.9,0.548741894619651
"231",19.3,6.40682761090181,2.30114367358625,23,0.546803688995635
"232",19.4,6.40100806484431,2.29532412752874,23.1,0.544864063300624
"233",19.5,6.3951885187868,2.28950458147124,23.2,0.542923075408165
"234",19.6,6.3893689727293,2.28368503541374,23.3,0.540980783356566
"235",19.7,6.3835494266718,2.27786548935623,23.4,0.539037245342046
"236",19.8,6.37772988061429,2.27204594329873,23.5,0.537092519711836
"237",19.9,6.37191033455679,2.26622639724123,23.6,0.535146664957239
"238",20,6.36609078849929,2.26040685118372,23.7,0.533199739706664
"239",20.1,6.36027124244178,2.25458730512622,23.8,0.53125180271861
"240",20.2,6.35445169638428,2.24876775906872,23.9,0.529302912874631
"241",20.3,6.34863215032677,2.24294821301121,24,0.527353129172258
"242",20.4,6.34281260426927,2.23712866695371,24.1,0.525402510717895
"243",20.5,6.33699305821177,2.23130912089621,24.2,0.523451116719694
"244",20.6,6.33117351215426,2.2254895748387,24.3,0.521499006480387
"245",20.7,6.32535396609676,2.2196700287812,24.4,0.519546239390113
"246",20.8,6.31953442003926,2.2138504827237,24.5,0.517592874919207
"247",20.9,6.31371487398175,2.20803093666619,24.6,0.515638972610977
"248",21,6.30789532792425,2.20221139060869,24.7,0.513684592074456
"249",21.1,6.30207578186675,2.19639184455118,24.8,0.511729792977146
"250",21.2,6.29625623580924,2.19057229849368,24.9,0.509774635037736
"251",21.3,6.29043668975174,2.18475275243618,25,0.507819178018812
"252",21.4,6.28461714369424,2.17893320637867,25.1,0.505863481719557
"253",21.5,6.27879759763673,2.17311366032117,25.2,0.50390760596844
"254",21.6,6.27297805157923,2.16729411426367,25.3,0.501951610615898
"255",21.7,6.26715850552172,2.16147456820616,25.4,0.499995555527006
"256",21.8,6.26133895946422,2.15565502214866,25.5,0.498039500574156
"257",21.9,6.25551941340672,2.14983547609116,25.6,0.496083505629723
"258",22,6.24969986734921,2.14401593003365,25.7,0.494127630558732
"259",22.1,6.24388032129171,2.13819638397615,25.8,0.492171935211537
"260",22.2,6.23806077523421,2.13237683791864,25.9,0.490216479416489
"261",22.3,6.2322412291767,2.12655729186114,26,0.488261322972623
"262",22.4,6.2264216831192,2.12073774580364,26.1,0.486306525642341
"263",22.5,6.2206021370617,2.11491819974613,26.2,0.484352147144118
"264",22.6,6.21478259100419,2.10909865368863,26.3,0.482398247145203
"265",22.7,6.20896304494669,2.10327910763113,26.4,0.48044488525435
"266",22.8,6.20314349888918,2.09745956157362,26.5,0.478492121014551
"267",22.9,6.19732395283168,2.09164001551612,26.6,0.476540013895792
"268",23,6.19150440677418,2.08582046945862,26.7,0.47458862328783
"269",23.1,6.18568486071667,2.08000092340111,26.8,0.472638008492987
"270",23.2,6.17986531465917,2.07418137734361,26.9,0.470688228718966
"271",23.3,6.17404576860167,2.06836183128611,27,0.468739343071693
"272",23.4,6.16822622254416,2.0625422852286,27.1,0.466791410548189
"273",23.5,6.16240667648666,2.0567227391711,27.2,0.464844490029462
"274",23.6,6.15658713042916,2.05090319311359,27.3,0.46289864027344
"275",23.7,6.15076758437165,2.04508364705609,27.4,0.460953919907921
"276",23.8,6.14494803831415,2.03926410099859,27.5,0.459010387423571
"277",23.9,6.13912849225665,2.03344455494108,27.6,0.45706810116695
"278",24,6.13330894619914,2.02762500888358,27.7,0.455127119333573
"279",24.1,6.12748940014164,2.02180546282608,27.8,0.453187499961019
"280",24.2,6.12166985408413,2.01598591676857,27.9,0.451249300922066
"281",24.3,6.11585030802663,2.01016637071107,28,0.449312579917887
"282",24.4,6.11003076196913,2.00434682465357,28.1,0.447377394471267
"283",24.5,6.10421121591162,1.99852727859606,28.2,0.445443801919889
"284",24.6,6.09839166985412,1.99270773253856,28.3,0.443511859409651
"285",24.7,6.09257212379662,1.98688818648106,28.4,0.441581623888037
"286",24.8,6.08675257773911,1.98106864042355,28.5,0.439653152097536
"287",24.9,6.08093303168161,1.97524909436605,28.6,0.437726500569123
"288",25,6.07511348562411,1.96942954830855,28.7,0.435801725615777
"289",25.1,6.0692939395666,1.96361000225104,28.8,0.433878883326064
"290",25.2,6.0634743935091,1.95779045619354,28.9,0.431958029557783
"291",25.3,6.0576548474516,1.95197091013603,29,0.430039219931652
"292",25.4,6.05183530139409,1.94615136407853,29.1,0.428122509825069
"293",25.5,6.04601575533659,1.94033181802103,29.2,0.426207954365929
"294",25.6,6.04019620927908,1.93451227196352,29.3,0.424295608426502
"295",25.7,6.03437666322158,1.92869272590602,29.4,0.422385526617373
"296",25.8,6.02855711716408,1.92287317984852,29.5,0.420477763281457
"297",25.9,6.02273757110657,1.91705363379101,29.6,0.418572372488063
"298",26,6.01691802504907,1.91123408773351,29.7,0.416669408027044
"299",26.1,6.01109847899157,1.90541454167601,29.8,0.414768923403005
"300",26.2,6.00527893293406,1.8995949956185,29.9,0.412870971829583
"301",26.3,5.99945938687656,1.893775449561,30,0.410975606223801
"302",26.4,5.99363984081906,1.8879559035035,30.1,0.409082879200491
"303",26.5,5.98782029476155,1.88213635744599,30.2,0.407192843066795
"304",26.6,5.98200074870405,1.87631681138849,30.3,0.405305549816735
"305",26.7,5.97618120264655,1.87049726533098,30.4,0.403421051125869
"306",26.8,5.97036165658904,1.86467771927348,30.5,0.40153939834601
"307",26.9,5.96454211053154,1.85885817321598,30.6,0.399660642500034
"308",27,5.95872256447404,1.85303862715847,30.7,0.397784834276766
"309",27.1,5.95290301841653,1.84721908110097,30.8,0.395912024025939
"310",27.2,5.94708347235903,1.84139953504347,30.9,0.394042261753242
"311",27.3,5.94126392630152,1.83557998898596,31,0.392175597115445
"312",27.4,5.93544438024402,1.82976044292846,31.1,0.390312079415608
"313",27.5,5.92962483418652,1.82394089687096,31.2,0.388451757598375
"314",27.6,5.92380528812901,1.81812135081345,31.3,0.38659468024535
"315",27.7,5.91798574207151,1.81230180475595,31.4,0.384740895570558
"316",27.8,5.91216619601401,1.80648225869844,31.5,0.382890451415997
"317",27.9,5.9063466499565,1.80066271264094,31.6,0.381043395247269
"318",28,5.900527103899,1.79484316658344,31.7,0.379199774149303
"319",28.1,5.8947075578415,1.78902362052593,31.8,0.377359634822164
"320",28.2,5.88888801178399,1.78320407446843,31.9,0.375523023576954
"321",28.3,5.88306846572649,1.77738452841093,32,0.373689986331798
"322",28.4,5.87724891966899,1.77156498235342,32.1,0.371860568607916
"323",28.5,5.87142937361148,1.76574543629592,32.2,0.370034815525801
"324",28.6,5.86560982755398,1.75992589023842,32.3,0.368212771801464
"325",28.7,5.85979028149647,1.75410634418091,32.4,0.366394481742792
"326",28.8,5.85397073543897,1.74828679812341,32.5,0.364579989245985
"327",28.9,5.84815118938147,1.74246725206591,32.6,0.362769337792085
"328",29,5.84233164332396,1.7366477060084,32.7,0.360962570443605
"329",29.1,5.83651209726646,1.7308281599509,32.8,0.35915972984124
"330",29.2,5.83069255120896,1.72500861389339,32.9,0.357360858200681
"331",29.3,5.82487300515145,1.71918906783589,33,0.355565997309514
"332",29.4,5.81905345909395,1.71336952177839,33.1,0.353775188524214
"333",29.5,5.81323391303645,1.70754997572088,33.2,0.351988472767237
"334",29.6,5.80741436697894,1.70173042966338,33.3,0.3502058905242
"335",29.7,5.80159482092144,1.69591088360588,33.4,0.348427481841154
"336",29.8,5.79577527486394,1.69009133754837,33.5,0.346653286321957
"337",29.9,5.78995572880643,1.68427179149087,33.6,0.344883343125733
"338",30,5.78413618274893,1.67845224543337,33.7,0.343117690964433
"339",30.1,5.77831663669142,1.67263269937586,33.8,0.34135636810048
"340",30.2,5.77249709063392,1.66681315331836,33.9,0.339599412344513
"341",30.3,5.76667754457642,1.66099360726086,34,0.33784686105323
"342",30.4,5.76085799851891,1.65517406120335,34.1,0.336098751127309
"343",30.5,5.75503845246141,1.64935451514585,34.2,0.334355119009442
"344",30.6,5.74921890640391,1.64353496908834,34.3,0.332616000682443
"345",30.7,5.7433993603464,1.63771542303084,34.4,0.330881431667463
"346",30.8,5.7375798142889,1.63189587697334,34.5,0.329151447022292
"347",30.9,5.7317602682314,1.62607633091583,34.6,0.327426081339751
"348",31,5.72594072217389,1.62025678485833,34.7,0.325705368746184
"349",31.1,5.72012117611639,1.61443723880083,34.8,0.32398934290003
"350",31.2,5.71430163005888,1.60861769274332,34.9,0.322278036990499
"351",31.3,5.70848208400138,1.60279814668582,35,0.320571483736332
"352",31.4,5.70266253794388,1.59697860062832,35.1,0.318869715384652
"353",31.5,5.69684299188637,1.59115905457081,35.2,0.317172763709905
"354",31.6,5.69102344582887,1.58533950851331,35.3,0.315480660012897
"355",31.7,5.68520389977137,1.57951996245581,35.4,0.31379343511991
"356",31.8,5.67938435371386,1.5737004163983,35.5,0.312111119381916
"357",31.9,5.67356480765636,1.5678808703408,35.6,0.310433742673875
"358",32,5.66774526159886,1.56206132428329,35.7,0.308761334394121
"359",32.1,5.66192571554135,1.55624177822579,35.8,0.307093923463836
"360",32.2,5.65610616948385,1.55042223216829,35.9,0.30543153832661
"361",32.3,5.65028662342635,1.54460268611078,36,0.303774206948089
"362",32.4,5.64446707736884,1.53878314005328,36.1,0.302121956815704
"363",32.5,5.63864753131134,1.53296359399578,36.2,0.30047481493849
"364",32.6,5.63282798525383,1.52714404793827,36.3,0.298832807846985
"365",32.7,5.62700843919633,1.52132450188077,36.4,0.297195961593216
"366",32.8,5.62118889313883,1.51550495582327,36.5,0.295564301750763
"367",32.9,5.61536934708132,1.50968540976576,36.6,0.293937853414908
"368",33,5.60954980102382,1.50386586370826,36.7,0.292316641202866
"369",33.1,5.60373025496632,1.49804631765076,36.8,0.290700689254092
"370",33.2,5.59791070890881,1.49222677159325,36.9,0.289090021230675
"371",33.3,5.59209116285131,1.48640722553575,37,0.287484660317799
"372",33.4,5.58627161679381,1.48058767947824,37.1,0.285884629224297
"373",33.5,5.5804520707363,1.47476813342074,37.2,0.284289950183269
"374",33.6,5.5746325246788,1.46894858736324,37.3,0.282700644952781
"375",33.7,5.5688129786213,1.46312904130573,37.4,0.281116734816644
"376",33.8,5.56299343256379,1.45730949524823,37.5,0.279538240585257
"377",33.9,5.55717388650629,1.45148994919073,37.6,0.277965182596535
"378",34,5.55135434044878,1.44567040313322,37.7,0.276397580716901
"379",34.1,5.54553479439128,1.43985085707572,37.8,0.274835454342353
"380",34.2,5.53971524833378,1.43403131101822,37.9,0.273278822399603
"381",34.3,5.53389570227627,1.42821176496071,38,0.271727703347284
"382",34.4,5.52807615621877,1.42239221890321,38.1,0.270182115177223
"383",34.5,5.52225661016127,1.41657267284571,38.2,0.26864207541579
"384",34.6,5.51643706410376,1.4107531267882,38.3,0.267107601125306
"385",34.7,5.51061751804626,1.4049335807307,38.4,0.265578708905518
"386",34.8,5.50479797198876,1.39911403467319,38.5,0.264055414895145
"387",34.9,5.49897842593125,1.39329448861569,38.6,0.26253773477348
"388",35,5.49315887987375,1.38747494255819,38.7,0.261025683762056
"389",35.1,5.48733933381625,1.38165539650068,38.8,0.259519276626381
"390",35.2,5.48151978775874,1.37583585044318,38.9,0.258018527677727
"391",35.3,5.47570024170124,1.37001630438568,39,0.256523450774976
"392",35.4,5.46988069564374,1.36419675832817,39.1,0.255034059326535
"393",35.5,5.46406114958623,1.35837721227067,39.2,0.253550366292297
"394",35.6,5.45824160352873,1.35255766621317,39.3,0.252072384185667
"395",35.7,5.45242205747122,1.34673812015566,39.4,0.250600125075641
"396",35.8,5.44660251141372,1.34091857409816,39.5,0.249133600588935
"397",35.9,5.44078296535622,1.33509902804066,39.6,0.247672821912175
"398",36,5.43496341929871,1.32927948198315,39.7,0.246217799794131
"399",36.1,5.42914387324121,1.32345993592565,39.8,0.244768544548011
"400",36.2,5.42332432718371,1.31764038986814,39.9,0.243325066053795
"401",36.3,5.4175047811262,1.31182084381064,40,0.241887373760629
"402",36.4,5.4116852350687,1.30600129775314,40.1,0.240455476689256
"403",36.5,5.4058656890112,1.30018175169563,40.2,0.2390293834345
"404",36.6,5.40004614295369,1.29436220563813,40.3,0.237609102167798
"405",36.7,5.39422659689619,1.28854265958063,40.4,0.236194640639769
"406",36.8,5.38840705083868,1.28272311352312,40.5,0.234786006182832
"407",36.9,5.38258750478118,1.27690356746562,40.6,0.233383205713865
"408",37,5.37676795872368,1.27108402140812,40.7,0.231986245736906
"409",37.1,5.37094841266617,1.26526447535061,40.8,0.230595132345894
"410",37.2,5.36512886660867,1.25944492929311,40.9,0.229209871227446
"411",37.3,5.35930932055117,1.25362538323561,41,0.227830467663678
"412",37.4,5.35348977449366,1.2478058371781,41.1,0.226456926535058
"413",37.5,5.34767022843616,1.2419862911206,41.2,0.225089252323297
"414",37.6,5.34185068237866,1.23616674506309,41.3,0.223727449114275
"415",37.7,5.33603113632115,1.23034719900559,41.4,0.222371520601002
"416",37.8,5.33021159026365,1.22452765294809,41.5,0.221021470086606
"417",37.9,5.32439204420615,1.21870810689058,41.6,0.21967730048736
"418",38,5.31857249814864,1.21288856083308,41.7,0.218339014335737
"419",38.1,5.31275295209114,1.20706901477558,41.8,0.217006613783491
"420",38.2,5.30693340603363,1.20124946871807,41.9,0.215680100604771
"421",38.3,5.30111385997613,1.19542992266057,42,0.214359476199262
"422",38.4,5.29529431391863,1.18961037660307,42.1,0.21304474159535
"423",38.5,5.28947476786112,1.18379083054556,42.2,0.211735897453314
"424",38.6,5.28365522180362,1.17797128448806,42.3,0.210432944068543
"425",38.7,5.27783567574612,1.17215173843056,42.4,0.209135881374774
"426",38.8,5.27201612968861,1.16633219237305,42.5,0.207844708947356
"427",38.9,5.26619658363111,1.16051264631555,42.6,0.206559426006533
"428",39,5.26037703757361,1.15469310025804,42.7,0.205280031420747
"429",39.1,5.2545574915161,1.14887355420054,42.8,0.204006523709961
"430",39.2,5.2487379454586,1.14305400814304,42.9,0.202738901049002
"431",39.3,5.2429183994011,1.13723446208553,43,0.20147716127092
"432",39.4,5.23709885334359,1.13141491602803,43.1,0.200221301870364
"433",39.5,5.23127930728609,1.12559536997053,43.2,0.19897132000697
"434",39.6,5.22545976122858,1.11977582391302,43.3,0.197727212508773
"435",39.7,5.21964021517108,1.11395627785552,43.4,0.196488975875621
"436",39.8,5.21382066911358,1.10813673179802,43.5,0.195256606282613
"437",39.9,5.20800112305607,1.10231718574051,43.6,0.194030099583537
"438",40,5.20218157699857,1.09649763968301,43.7,0.192809451314332
"439",40.1,5.19636203094107,1.09067809362551,43.8,0.19159465669655
"440",40.2,5.19054248488356,1.084858547568,43.9,0.19038571064083
"441",40.3,5.18472293882606,1.0790390015105,44,0.189182607750384
"442",40.4,5.17890339276856,1.07321945545299,44.1,0.187985342324487
"443",40.5,5.17308384671105,1.06739990939549,44.2,0.186793908361973
"444",40.6,5.16726430065355,1.06158036333799,44.3,0.185608299564741
"445",40.7,5.16144475459604,1.05576081728048,44.4,0.184428509341259
"446",40.8,5.15562520853854,1.04994127122298,44.5,0.183254530810081
"447",40.9,5.14980566248104,1.04412172516548,44.6,0.18208635680336
"448",41,5.14398611642353,1.03830217910797,44.7,0.180923979870368
"449",41.1,5.13816657036603,1.03248263305047,44.8,0.179767392281016
"450",41.2,5.13234702430853,1.02666308699297,44.9,0.178616586029376
"451",41.3,5.12652747825102,1.02084354093546,45,0.1774715528372
"452",41.4,5.12070793219352,1.01502399487796,45.1,0.176332284157445
"453",41.5,5.11488838613602,1.00920444882046,45.2,0.175198771177792
"454",41.6,5.10906884007851,1.00338490276295,45.3,0.174071004824162
"455",41.7,5.10324929402101,0.997565356705448,45.4,0.172948975764236
"456",41.8,5.09742974796351,0.991745810647944,45.5,0.171832674410963
"457",41.9,5.091610201906,0.98592626459044,45.6,0.170722090926071
"458",42,5.0857906558485,0.980106718532937,45.7,0.169617215223571
"459",42.1,5.07997110979099,0.974287172475434,45.8,0.168518036973253
"460",42.2,5.07415156373349,0.96846762641793,45.9,0.16742454560418
"461",42.3,5.06833201767599,0.962648080360426,46,0.166336730308176
"462",42.4,5.06251247161848,0.956828534302922,46.1,0.165254580043301
"463",42.5,5.05669292556098,0.95100898824542,46.2,0.164178083537324
"464",42.6,5.05087337950348,0.945189442187916,46.3,0.163107229291185
"465",42.7,5.04505383344597,0.939369896130412,46.4,0.162042005582447
"466",42.8,5.03923428738847,0.933550350072908,46.5,0.160982400468742
"467",42.9,5.03341474133097,0.927730804015405,46.6,0.159928401791204
"468",43,5.02759519527346,0.921911257957901,46.7,0.158879997177891
"469",43.1,5.02177564921596,0.916091711900398,46.8,0.157837174047196
"470",43.2,5.01595610315846,0.910272165842894,46.9,0.15679991961125
"471",43.3,5.01013655710095,0.904452619785391,47,0.155768220879304
"472",43.4,5.00431701104345,0.898633073727887,47.1,0.154742064661111
"473",43.5,4.99849746498595,0.892813527670383,47.2,0.153721437570279
"474",43.6,4.99267791892844,0.88699398161288,47.3,0.152706326027625
"475",43.7,4.98685837287094,0.881174435555377,47.4,0.151696716264507
"476",43.8,4.98103882681343,0.875354889497873,47.5,0.150692594326138
"477",43.9,4.97521928075593,0.869535343440369,47.6,0.149693946074897
"478",44,4.96939973469843,0.863715797382866,47.7,0.148700757193609
"479",44.1,4.96358018864092,0.857896251325362,47.8,0.147713013188821
"480",44.2,4.95776064258342,0.852076705267859,47.9,0.146730699394059
"481",44.3,4.95194109652592,0.846257159210355,48,0.145753800973059
"482",44.4,4.94612155046841,0.840437613152851,48.1,0.144782302922997
"483",44.5,4.94030200441091,0.834618067095348,48.2,0.143816190077686
"484",44.6,4.93448245835341,0.828798521037844,48.3,0.142855447110764
"485",44.7,4.9286629122959,0.822978974980341,48.4,0.141900058538862
"486",44.8,4.9228433662384,0.817159428922837,48.5,0.140950008724749
"487",44.9,4.9170238201809,0.811339882865333,48.6,0.140005281880466
"488",45,4.91120427412339,0.80552033680783,48.7,0.139065862070431
"489",45.1,4.90538472806589,0.799700790750326,48.8,0.138131733214534
"490",45.2,4.89956518200838,0.793881244692823,48.9,0.137202879091203
"491",45.3,4.89374563595088,0.788061698635319,49,0.136279283340457
"492",45.4,4.88792608989338,0.782242152577815,49.1,0.135360929466935
"493",45.5,4.88210654383587,0.776422606520312,49.2,0.134447800842904
"494",45.6,4.87628699777837,0.770603060462809,49.3,0.133539880711245
"495",45.7,4.87046745172087,0.764783514405305,49.4,0.132637152188422
"496",45.8,4.86464790566336,0.758963968347801,49.5,0.131739598267424
"497",45.9,4.85882835960586,0.753144422290298,49.6,0.130847201820691
"498",46,4.85300881354836,0.747324876232794,49.7,0.12995994560301
"499",46.1,4.84718926749085,0.741505330175291,49.8,0.129077812254397
"500",46.2,4.84136972143335,0.735685784117787,49.9,0.128200784302951
"501",46.3,4.83555017537584,0.729866238060283,50,0.127328844167687
"502",46.4,4.82973062931834,0.72404669200278,50.1,0.12646197416135
"503",46.5,4.82391108326084,0.718227145945276,50.2,0.125600156493195
"504",46.6,4.81809153720333,0.712407599887773,50.3,0.124743373271757
"505",46.7,4.81227199114583,0.706588053830269,50.4,0.123891606507591
"506",46.8,4.80645244508833,0.700768507772765,50.5,0.123044838115986
"507",46.9,4.80063289903082,0.694948961715262,50.6,0.12220304991966
"508",47,4.79481335297332,0.689129415657759,50.7,0.121366223651433
"509",47.1,4.78899380691582,0.683309869600255,50.8,0.120534340956865
"510",47.2,4.78317426085831,0.677490323542751,50.9,0.119707383396886
"511",47.3,4.77735471480081,0.671670777485247,51,0.118885332450387
"512",47.4,4.77153516874331,0.665851231427744,51.1,0.118068169516796
"513",47.5,4.7657156226858,0.660031685370241,51.2,0.117255875918628
"514",47.6,4.7598960766283,0.654212139312737,51.3,0.116448432904007
"515",47.7,4.7540765305708,0.648392593255233,51.4,0.115645821649166
"516",47.8,4.74825698451329,0.64257304719773,51.5,0.114848023260924
"517",47.9,4.74243743845579,0.636753501140226,51.6,0.114055018779134
"518",48,4.73661789239828,0.630933955082723,51.7,0.113266789179112
"519",48.1,4.73079834634078,0.625114409025219,51.8,0.112483315374036
"520",48.2,4.72497880028328,0.619294862967715,51.9,0.11170457821732
"521",48.3,4.71915925422577,0.613475316910212,52,0.11093055850497
"522",48.4,4.71333970816827,0.607655770852708,52.1,0.11016123697791
"523",48.5,4.70752016211077,0.601836224795205,52.2,0.109396594324278
"524",48.6,4.70170061605326,0.596016678737701,52.3,0.10863661118171
"525",48.7,4.69588106999576,0.590197132680197,52.4,0.107881268139585
"526",48.8,4.69006152393826,0.584377586622694,52.5,0.107130545741259
"527",48.9,4.68424197788075,0.57855804056519,52.6,0.10638442448626
"528",49,4.67842243182325,0.572738494507687,52.7,0.105642884832469
"529",49.1,4.67260288576574,0.566918948450183,52.8,0.104905907198268
"530",49.2,4.66678333970824,0.56109940239268,52.9,0.104173471964674
"531",49.3,4.66096379365074,0.555279856335176,53,0.103445559477434
"532",49.4,4.65514424759323,0.549460310277672,53.1,0.102722150049106
"533",49.5,4.64932470153573,0.543640764220169,53.2,0.102003223961111
"534",49.6,4.64350515547823,0.537821218162665,53.3,0.10128876146576
"535",49.7,4.63768560942072,0.532001672105162,53.4,0.100578742788258
"536",49.8,4.63186606336322,0.526182126047658,53.5,0.0998731481286821
"537",49.9,4.62604651730572,0.520362579990154,53.6,0.0991719576639333
"538",50,4.62022697124821,0.514543033932651,53.7,0.0984751515496689
"539",50.1,4.61440742519071,0.508723487875147,53.8,0.0977827099222048
"540",50.2,4.60858787913321,0.502903941817644,53.9,0.0970946129003966
"541",50.3,4.6027683330757,0.49708439576014,54,0.0964108405874951
"542",50.4,4.5969487870182,0.491264849702637,54.1,0.095731373072978
"543",50.5,4.59112924096069,0.485445303645133,54.2,0.0950561904343572
"544",50.6,4.58530969490319,0.47962575758763,54.3,0.0943852727389622
"545",50.7,4.57949014884569,0.473806211530126,54.4,0.0937186000456989
"546",50.8,4.57367060278818,0.467986665472622,54.5,0.0930561524067855
"547",50.9,4.56785105673068,0.462167119415119,54.6,0.0923979098694633
"548",51,4.56203151067318,0.456347573357615,54.7,0.0917438524776851
"549",51.1,4.55621196461567,0.450528027300112,54.8,0.0910939602737784
"550",51.2,4.55039241855817,0.444708481242608,54.9,0.0904482133000867
"551",51.3,4.54457287250067,0.438888935185105,55,0.0898065916005864
"552",51.4,4.53875332644316,0.433069389127601,55.1,0.0891690752224805
"553",51.5,4.53293378038566,0.427249843070098,55.2,0.0885356442177692
"554",51.6,4.52711423432816,0.421430297012594,55.3,0.087906278644798
"555",51.7,4.52129468827065,0.415610750955091,55.4,0.0872809585697816
"556",51.8,4.51547514221315,0.409791204897587,55.5,0.0866596640683063
"557",51.9,4.50965559615564,0.403971658840083,55.6,0.0860423752268089
"558",52,4.50383605009814,0.39815211278258,55.7,0.0854290721440333
"559",52.1,4.49801650404064,0.392332566725076,55.8,0.0848197349324647
"560",52.2,4.49219695798313,0.386513020667573,55.9,0.0842143437197415
"561",52.3,4.48637741192563,0.380693474610069,56,0.0836128786500449
"562",52.4,4.48055786586813,0.374873928552565,56.1,0.0830153198854668
"563",52.5,4.47473831981062,0.369054382495062,56.2,0.0824216476073555
"564",52.6,4.46891877375312,0.363234836437558,56.3,0.0818318420176397
"565",52.7,4.46309922769562,0.357415290380055,56.4,0.0812458833401316
"566",52.8,4.45727968163811,0.351595744322551,56.5,0.0806637518218073
"567",52.9,4.45146013558061,0.345776198265047,56.6,0.0800854277340671
"568",53,4.44564058952311,0.339956652207544,56.7,0.0795108913739743
"569",53.1,4.4398210434656,0.33413710615004,56.8,0.0789401230654724
"570",53.2,4.4340014974081,0.328317560092537,56.9,0.0783731031605828
"571",53.3,4.4281819513506,0.322498014035033,57,0.0778098120405805
"572",53.4,4.42236240529309,0.316678467977529,57.1,0.0772502301171498
"573",53.5,4.41654285923559,0.310858921920026,57.2,0.0766943378335206
"574",53.6,4.41072331317808,0.305039375862523,57.3,0.0761421156655824
"575",53.7,4.40490376712058,0.299219829805019,57.4,0.0755935441229805
"576",53.8,4.39908422106308,0.293400283747515,57.5,0.0750486037501912
"577",53.9,4.39326467500557,0.287580737690012,57.6,0.0745072751275769
"578",54,4.38744512894807,0.281761191632508,57.7,0.0739695388724232
"579",54.1,4.38162558289057,0.275941645575005,57.8,0.0734353756399548
"580",54.2,4.37580603683306,0.270122099517501,57.9,0.0729047661243337
"581",54.3,4.36998649077556,0.264302553459997,58,0.0723776910596376
"582",54.4,4.36416694471805,0.258483007402494,58.1,0.0718541312208197
"583",54.5,4.35834739866055,0.25266346134499,58.2,0.0713340674246495
"584",54.6,4.35252785260305,0.246843915287487,58.3,0.0708174805306355
"585",54.7,4.34670830654554,0.241024369229983,58.4,0.0703043514419295
"586",54.8,4.34088876048804,0.235204823172479,58.5,0.0697946611062122
"587",54.9,4.33506921443054,0.229385277114976,58.6,0.0692883905165619
"588",55,4.32924966837303,0.223565731057473,58.7,0.0687855207123038
"589",55.1,4.32343012231553,0.217746184999969,58.8,0.068286032779843
"590",55.2,4.31761057625803,0.211926638942465,58.9,0.0677899078534796
"591",55.3,4.31179103020052,0.206107092884961,59,0.067297127116206
"592",55.4,4.30597148414302,0.200287546827458,59.1,0.066807671800488
"593",55.5,4.30015193808552,0.194468000769955,59.2,0.0663215231890277
"594",55.6,4.29433239202801,0.188648454712451,59.3,0.0658386626155108
"595",55.7,4.28851284597051,0.182828908654947,59.4,0.0653590714653366
"596",55.8,4.28269329991301,0.177009362597444,59.5,0.0648827311763319
"597",55.9,4.2768737538555,0.17118981653994,59.6,0.0644096232394479
"598",56,4.271054207798,0.165370270482437,59.7,0.0639397291994424
"599",56.1,4.2652346617405,0.159550724424933,59.8,0.063473030655544
"600",56.2,4.25941511568299,0.153731178367429,59.9,0.063009509262103
"601",56.3,4.25359556962549,0.147911632309926,60,0.0625491467292248
"602",56.4,4.24777602356798,0.142092086252422,60.1,0.0620919248233884
"603",56.5,4.24195647751048,0.136272540194919,60.2,0.0616378253680501
"604",56.6,4.23613693145298,0.130452994137415,60.3,0.0611868302442318
"605",56.7,4.23031738539547,0.124633448079911,60.4,0.0607389213910944
"606",56.8,4.22449783933797,0.118813902022408,60.5,0.0602940808064963
"607",56.9,4.21867829328047,0.112994355964904,60.6,0.0598522905475378
"608",57,4.21285874722296,0.107174809907401,60.7,0.0594135327310907
"609",57.1,4.20703920116546,0.101355263849897,60.8,0.058977789534314
"610",57.2,4.20121965510796,0.0955357177923939,60.9,0.058545043195155
"611",57.3,4.19540010905045,0.08971617173489,61,0.0581152760128374
"612",57.4,4.18958056299295,0.0838966256773865,61.1,0.0576884703483347
"613",57.5,4.18376101693544,0.0780770796198833,61.2,0.0572646086248309
"614",57.6,4.17794147087794,0.0722575335623794,61.3,0.0568436733281672
"615",57.7,4.17212192482044,0.0664379875048759,61.4,0.0564256470072759
"616",57.8,4.16630237876293,0.060618441447372,61.5,0.0560105122746009
"617",57.9,4.16048283270543,0.0547988953898685,61.6,0.0555982518065059
"618",58,4.15466328664793,0.0489793493323654,61.7,0.0551888483436688
"619",58.1,4.14884374059042,0.0431598032748615,61.8,0.0547822846914649
"620",58.2,4.14302419453292,0.037340257217358,61.9,0.0543785437203365
"621",58.3,4.13720464847542,0.0315207111598545,62,0.0539776083661511
"622",58.4,4.13138510241791,0.0257011651023505,62.1,0.0535794616305471
"623",58.5,4.12556555636041,0.0198816190448475,62.2,0.0531840865812677
"624",58.6,4.11974601030291,0.014062072987344,62.3,0.0527914663524829
"625",58.7,4.1139264642454,0.00824252692984002,62.4,0.0524015841451001
"626",58.8,4.1081069181879,0.0024229808723365,62.5,0.0520144232270633
"627",58.9,4.10228737213039,-0.00339656518516737,62.6,0.0516299669336408
"628",59,4.09646782607289,-0.00921611124267047,62.7,0.0512481986677017
"629",59.1,4.09064828001539,-0.015035657300174,62.8,0.0508691018999819
"630",59.2,4.08482873395788,-0.0208552033576779,62.9,0.0504926601693385
"631",59.3,4.07900918790038,-0.0266747494151814,63,0.0501188570829946
"632",59.4,4.07318964184288,-0.0324942954726849,63.1,0.0497476763167722
"633",59.5,4.06737009578537,-0.0383138415301885,63.2,0.0493791016153161
"634",59.6,4.06155054972787,-0.044133387587692,63.3,0.0490131167923066
"635",59.7,4.05573100367037,-0.0499529336451955,63.4,0.0486497057306626
"636",59.8,4.04991145761286,-0.0557724797026993,63.5,0.0482888523827345
"637",59.9,4.04409191155536,-0.0615920257602033,63.6,0.0479305407704878
"638",60,4.03827236549786,-0.0674115718177064,63.7,0.0475747549856761
"639",60.1,4.03245281944035,-0.0732311178752095,63.8,0.0472214791900058
"640",60.2,4.02663327338285,-0.0790506639327134,63.9,0.0468706976152906
"641",60.3,4.02081372732534,-0.0848702099902173,64,0.0465223945635969
"642",60.4,4.01499418126784,-0.0906897560477212,64.1,0.0461765544073806
"643",60.5,4.00917463521034,-0.0965093021052243,64.2,0.0458331615896144
"644",60.6,4.00335508915283,-0.102328848162727,64.3,0.0454922006239065
"645",60.7,3.99753554309533,-0.108148394220231,64.4,0.0451536560946108
"646",60.8,3.99171599703783,-0.113967940277735,64.5,0.0448175126569282
"647",60.9,3.98589645098032,-0.119787486335238,64.6,0.0444837550370003
"648",61,3.98007690492282,-0.125607032392742,64.7,0.0441523680319937
"649",61.1,3.97425735886532,-0.131426578450245,64.8,0.0438233365101769
"650",61.2,3.96843781280781,-0.137246124507749,64.9,0.0434966454109893
"651",61.3,3.96261826675031,-0.143065670565253,65,0.043172279745102
"652",61.4,3.9567987206928,-0.148885216622756,65.1,0.0428502245944708
"653",61.5,3.9509791746353,-0.154704762680259,65.2,0.0425304651123821
"654",61.6,3.9451596285778,-0.160524308737763,65.3,0.0422129865234904
"655",61.7,3.93934008252029,-0.166343854795267,65.4,0.0418977741238497
"656",61.8,3.93352053646279,-0.172163400852771,65.5,0.0415848132809366
"657",61.9,3.92770099040529,-0.177982946910274,65.6,0.0412740894336668
"658",62,3.92188144434778,-0.183802492967777,65.7,0.0409655880924041
"659",62.1,3.91606189829028,-0.189622039025281,65.8,0.0406592948389635
"660",62.2,3.91024235223278,-0.195441585082785,65.9,0.0403551953266066
"661",62.3,3.90442280617527,-0.201261131140288,66,0.0400532752800307
"662",62.4,3.89860326011777,-0.207080677197792,66.1,0.0397535204953516
"663",62.5,3.89278371406027,-0.212900223255295,66.2,0.0394559168400797
"664",62.6,3.88696416800276,-0.218719769312799,66.3,0.0391604502530898
"665",62.7,3.88114462194526,-0.224539315370303,66.4,0.0388671067445851
"666",62.8,3.87532507588776,-0.230358861427806,66.5,0.0385758723960546
"667",62.9,3.86950552983025,-0.23617840748531,66.6,0.038286733360225
"668",63,3.86368598377275,-0.241997953542813,66.7,0.0379996758610066
"669",63.1,3.85786643771524,-0.247817499600317,66.8,0.0377146861934333
"670",63.2,3.85204689165774,-0.253637045657821,66.9,0.0374317507235973
"671",63.3,3.84622734560024,-0.259456591715324,67,0.037150855888578
"672",63.4,3.84040779954273,-0.265276137772828,67.1,0.0368719881963656
"673",63.5,3.83458825348523,-0.271095683830331,67.2,0.0365951342257796
"674",63.6,3.82876870742773,-0.276915229887835,67.3,0.0363202806263812
"675",63.7,3.82294916137022,-0.282734775945338,67.4,0.0360474141183823
"676",63.8,3.81712961531272,-0.288554322002842,67.5,0.0357765214925474
"677",63.9,3.81131006925522,-0.294373868060346,67.6,0.0355075896100924
"678",64,3.80549052319771,-0.300193414117849,67.7,0.0352406054025777
"679",64.1,3.79967097714021,-0.306012960175353,67.8,0.0349755558717961
"680",64.2,3.7938514310827,-0.311832506232856,67.9,0.0347124280896578
"681",64.3,3.7880318850252,-0.31765205229036,68,0.0344512091980687
"682",64.4,3.7822123389677,-0.323471598347864,68.1,0.0341918864088061
"683",64.5,3.77639279291019,-0.329291144405367,68.2,0.033934447003389
"684",64.6,3.77057324685269,-0.335110690462871,68.3,0.0336788783329444
"685",64.7,3.76475370079519,-0.340930236520374,68.4,0.0334251678180698
"686",64.8,3.75893415473768,-0.346749782577877,68.5,0.033173302948691
"687",64.9,3.75311460868018,-0.352569328635382,68.6,0.0329232712839166
"688",65,3.74729506262268,-0.358388874692885,68.7,0.0326750604518881
"689",65.1,3.74147551656517,-0.364208420750389,68.8,0.0324286581496262
"690",65.2,3.73565597050767,-0.370027966807892,68.9,0.032184052142874
"691",65.3,3.72983642445017,-0.375847512865395,69,0.0319412302659355
"692",65.4,3.72401687839266,-0.3816670589229,69.1,0.0317001804215118
"693",65.5,3.71819733233516,-0.387486604980403,69.2,0.0314608905805327
"694",65.6,3.71237778627765,-0.393306151037907,69.3,0.0312233487819854
"695",65.7,3.70655824022015,-0.39912569709541,69.4,0.0309875431327404
"696",65.8,3.70073869416265,-0.404945243152913,69.5,0.0307534618073728
"697",65.9,3.69491914810514,-0.410764789210417,69.6,0.030521093047982
"698",66,3.68909960204764,-0.416584335267921,69.7,0.030290425164007
"699",66.1,3.68328005599014,-0.422403881325425,69.8,0.0300614465320398
"700",66.2,3.67746050993263,-0.428223427382928,69.9,0.0298341455956351
"701",66.3,3.67164096387513,-0.434042973440431,70,0.0296085108651173
"702",66.4,3.66582141781763,-0.439862519497935,70.1,0.0293845309173849
"703",66.5,3.66000187176012,-0.445682065555439,70.2,0.029162194395712
"704",66.6,3.65418232570262,-0.451501611612943,70.3,0.0289414900095476
"705",66.7,3.64836277964512,-0.457321157670446,70.4,0.0287224065343113
"706",66.8,3.64254323358761,-0.463140703727949,70.5,0.0285049328111877
"707",66.9,3.63672368753011,-0.468960249785453,70.6,0.0282890577469176
"708",67,3.63090414147261,-0.474779795842956,70.7,0.0280747703135869
"709",67.1,3.6250845954151,-0.480599341900461,70.8,0.0278620595484136
"710",67.2,3.6192650493576,-0.486418887957964,70.9,0.0276509145535322
"711",67.3,3.61344550330009,-0.492238434015467,71,0.0274413244957757
"712",67.4,3.60762595724259,-0.498057980072971,71.1,0.0272332786064561
"713",67.5,3.60180641118509,-0.503877526130474,71.2,0.0270267661811426
"714",67.6,3.59598686512758,-0.509697072187979,71.3,0.0268217765794372
"715",67.7,3.59016731907008,-0.515516618245482,71.4,0.0266182992247494
"716",67.8,3.58434777301258,-0.521336164302985,71.5,0.0264163236040685
"717",67.9,3.57852822695507,-0.527155710360489,71.6,0.0262158392677336
"718",68,3.57270868089757,-0.532975256417992,71.7,0.0260168358292028
"719",68.1,3.56688913484007,-0.538794802475496,71.8,0.0258193029648201
"720",68.2,3.56106958878256,-0.544614348533,71.9,0.0256232304135807
"721",68.3,3.55525004272506,-0.550433894590503,72,0.0254286079768949
"722",68.4,3.54943049666755,-0.556253440648007,72.1,0.0252354255183501
"723",68.5,3.54361095061005,-0.56207298670551,72.2,0.0250436729634719
"724",68.6,3.53779140455255,-0.567892532763014,72.3,0.024853340299483
"725",68.7,3.53197185849504,-0.573712078820518,72.4,0.0246644175750618
"726",68.8,3.52615231243754,-0.579531624878021,72.5,0.024476894900098
"727",68.9,3.52033276638004,-0.585351170935525,72.6,0.024290762445449
"728",69,3.51451322032253,-0.591170716993028,72.7,0.0241060104426932
"729",69.1,3.50869367426503,-0.596990263050532,72.8,0.0239226291838831
"730",69.2,3.50287412820753,-0.602809809108035,72.9,0.0237406090212974
"731",69.3,3.49705458215002,-0.608629355165539,73,0.0235599403671912
"732",69.4,3.49123503609252,-0.614448901223043,73.1,0.023380613693546
"733",69.5,3.48541549003502,-0.620268447280546,73.2,0.0232026195318181
"734",69.6,3.47959594397751,-0.62608799333805,73.3,0.0230259484726863
"735",69.7,3.47377639792001,-0.631907539395553,73.4,0.0228505911657986
"736",69.8,3.46795685186251,-0.637727085453056,73.5,0.0226765383195186
"737",69.9,3.462137305805,-0.643546631510561,73.6,0.0225037807006696
"738",70,3.4563177597475,-0.649366177568064,73.7,0.02233230913428
"739",70.1,3.45049821368999,-0.655185723625568,73.8,0.022162114503326
"740",70.2,3.44467866763249,-0.661005269683071,73.9,0.0219931877484748
"741",70.3,3.43885912157499,-0.666824815740574,74,0.0218255198678268
"742",70.4,3.43303957551748,-0.672644361798079,74.1,0.021659101916657
"743",70.5,3.42722002945998,-0.678463907855582,74.2,0.021493925007156
"744",70.6,3.42140048340248,-0.684283453913086,74.3,0.0213299803081706
"745",70.7,3.41558093734497,-0.690102999970589,74.4,0.0211672590449436
"746",70.8,3.40976139128747,-0.695922546028092,74.5,0.0210057524988532
"747",70.9,3.40394184522996,-0.701742092085597,74.6,0.0208454520071518
"748",71,3.39812229917246,-0.7075616381431,74.7,0.0206863489627053
"749",71.1,3.39230275311496,-0.713381184200603,74.8,0.0205284348137303
"750",71.2,3.38648320705745,-0.719200730258107,74.9,0.0203717010635331
"751",71.3,3.38066366099995,-0.72502027631561,75,0.0202161392702463
"752",71.4,3.37484411494245,-0.730839822373114,75.1,0.0200617410465668
"753",71.5,3.36902456888494,-0.736659368430618,75.2,0.0199084980594924
"754",71.6,3.36320502282744,-0.742478914488122,75.3,0.0197564020300592
"755",71.7,3.35738547676994,-0.748298460545625,75.4,0.0196054447330778
"756",71.8,3.35156593071243,-0.754118006603128,75.5,0.0194556179968703
"757",71.9,3.34574638465493,-0.759937552660632,75.6,0.0193069137030063
"758",72,3.33992683859743,-0.765757098718135,75.7,0.0191593237860395
"759",72.1,3.33410729253992,-0.77157664477564,75.8,0.019012840233244
"760",72.2,3.32828774648242,-0.777396190833143,75.9,0.0188674550843506
"761",72.3,3.32246820042492,-0.783215736890646,76,0.018723160431283
"762",72.4,3.31664865436741,-0.78903528294815,76.1,0.0185799484178941
"763",72.5,3.31082910830991,-0.794854829005653,76.2,0.0184378112397022
"764",72.6,3.3050095622524,-0.800674375063157,76.3,0.0182967411436277
"765",72.7,3.2991900161949,-0.80649392112066,76.4,0.0181567304277295
"766",72.8,3.2933704701374,-0.812313467178164,76.5,0.0180177714409416
"767",72.9,3.28755092407989,-0.818133013235668,76.6,0.01787985658281
"768",73,3.28173137802239,-0.823952559293171,76.7,0.0177429783032295
"769",73.1,3.27591183196489,-0.829772105350675,76.8,0.0176071291021812
"770",73.2,3.27009228590738,-0.835591651408178,76.9,0.0174723015294695
"771",73.3,3.26427273984988,-0.841411197465682,77,0.0173384881844603
"772",73.4,3.25845319379238,-0.847230743523186,77.1,0.0172056817158182
"773",73.5,3.25263364773487,-0.853050289580689,77.2,0.0170738748212453
"774",73.6,3.24681410167737,-0.858869835638193,77.3,0.0169430602472195
"775",73.7,3.24099455561986,-0.864689381695696,77.4,0.0168132307887334
"776",73.8,3.23517500956236,-0.8705089277532,77.5,0.0166843792890333
"777",73.9,3.22935546350486,-0.876328473810703,77.6,0.016556498639359
"778",74,3.22353591744736,-0.882148019868207,77.7,0.0164295817786838
"779",74.1,3.21771637138985,-0.88796756592571,77.8,0.0163036216934545
"780",74.2,3.21189682533235,-0.893787111983214,77.9,0.0161786114173328
"781",74.3,3.20607727927484,-0.899606658040717,78,0.0160545440309358
"782",74.4,3.20025773321734,-0.905426204098221,78.1,0.0159314126615785
"783",74.5,3.19443818715984,-0.911245750155725,78.2,0.0158092104830152
"784",74.6,3.18861864110233,-0.917065296213228,78.3,0.015687930715183
"785",74.7,3.18279909504483,-0.922884842270732,78.4,0.0155675666239441
"786",74.8,3.17697954898733,-0.928704388328235,78.5,0.0154481115208304
"787",74.9,3.17116000292982,-0.934523934385739,78.6,0.0153295587627873
"788",75,3.16534045687232,-0.940343480443242,78.7,0.0152119017519185
"789",75.1,3.15952091081482,-0.946163026500746,78.8,0.0150951339352316
"790",75.2,3.15370136475731,-0.95198257255825,78.9,0.0149792488043841
"791",75.3,3.14788181869981,-0.957802118615753,79,0.0148642398954301
"792",75.4,3.1420622726423,-0.963621664673257,79.1,0.0147501007885671
"793",75.5,3.1362427265848,-0.96944121073076,79.2,0.0146368251078845
"794",75.6,3.1304231805273,-0.975260756788264,79.3,0.0145244065211116
"795",75.7,3.12460363446979,-0.981080302845767,79.4,0.014412838739367
"796",75.8,3.11878408841229,-0.98689984890327,79.5,0.0143021155169086
"797",75.9,3.11296454235479,-0.992719394960775,79.6,0.0141922306508837
"798",76,3.10714499629728,-0.998538941018278,79.7,0.0140831779810808
"799",76.1,3.10132545023978,-1.00435848707578,79.8,0.0139749513896809
"800",76.2,3.09550590418228,-1.01017803313329,79.9,0.0138675448010108
"801",76.3,3.08968635812477,-1.01599757919079,80,0.0137609521812961
"802",76.4,3.08386681206727,-1.02181712524829,80.1,0.0136551675384154
"803",76.5,3.07804726600977,-1.0276366713058,80.2,0.0135501849216553
"804",76.6,3.07222771995226,-1.0334562173633,80.3,0.0134459984214659
"805",76.7,3.06640817389476,-1.0392757634208,80.4,0.0133426021692175
"806",76.8,3.06058862783725,-1.04509530947831,80.5,0.0132399903369572
"807",76.9,3.05476908177975,-1.05091485553581,80.6,0.0131381571371678
"808",77,3.04894953572225,-1.05673440159331,80.7,0.0130370968225259
"809",77.1,3.04312998966474,-1.06255394765082,80.8,0.0129368036856616
"810",77.2,3.03731044360724,-1.06837349370832,80.9,0.0128372720589194
"811",77.3,3.03149089754974,-1.07419303976583,81,0.0127384963141188
"812",77.4,3.02567135149223,-1.08001258582333,81.1,0.0126404708623169
"813",77.5,3.01985180543473,-1.08583213188083,81.2,0.012543190153571
"814",77.6,3.01403225937723,-1.09165167793834,81.3,0.0124466486767027
"815",77.7,3.00821271331972,-1.09747122399584,81.4,0.0123508409590622
"816",77.8,3.00239316726222,-1.10329077005334,81.5,0.0122557615662941
"817",77.9,2.99657362120472,-1.10911031611085,81.6,0.0121614051021036
"818",78,2.99075407514721,-1.11492986216835,81.7,0.0120677662080239
"819",78.1,2.98493452908971,-1.12074940822585,81.8,0.011974839563184
"820",78.2,2.9791149830322,-1.12656895428336,81.9,0.0118826198840784
"821",78.3,2.9732954369747,-1.13238850034086,82,0.0117911019243362
"822",78.4,2.9674758909172,-1.13820804639836,82.1,0.0117002804744925
"823",78.5,2.96165634485969,-1.14402759245587,82.2,0.0116101503617601
"824",78.6,2.95583679880219,-1.14984713851337,82.3,0.0115207064498018
"825",78.7,2.95001725274469,-1.15566668457088,82.4,0.0114319436385043
"826",78.8,2.94419770668718,-1.16148623062838,82.5,0.0113438568637527
"827",78.9,2.93837816062968,-1.16730577668588,82.6,0.0112564410972057
"828",79,2.93255861457218,-1.17312532274339,82.7,0.0111696913460718
"829",79.1,2.92673906851467,-1.17894486880089,82.8,0.0110836026528874
"830",79.2,2.92091952245717,-1.18476441485839,82.9,0.0109981700952939
"831",79.3,2.91509997639966,-1.1905839609159,83,0.0109133887858178
"832",79.4,2.90928043034216,-1.1964035069734,83.1,0.0108292538716503
"833",79.5,2.90346088428466,-1.2022230530309,83.2,0.0107457605344286
"834",79.6,2.89764133822715,-1.20804259908841,83.3,0.0106629039900179
"835",79.7,2.89182179216965,-1.21386214514591,83.4,0.0105806794882941
"836",79.8,2.88600224611215,-1.21968169120341,83.5,0.0104990823129283
"837",79.9,2.88018270005464,-1.22550123726092,83.6,0.0104181077811712
"838",80,2.87436315399714,-1.23132078331842,83.7,0.0103377512436393
"839",80.1,2.86854360793964,-1.23714032937593,83.8,0.0102580080841015
"840",80.2,2.86272406188213,-1.24295987543343,83.9,0.010178873719267
"841",80.3,2.85690451582463,-1.24877942149093,84,0.0101003435985745
"842",80.4,2.85108496976713,-1.25459896754844,84.1,0.0100224132039811
"843",80.5,2.84526542370962,-1.26041851360594,84.2,0.00994507804975394
"844",80.6,2.83944587765212,-1.26623805966344,84.3,0.00986833368226135
"845",80.7,2.83362633159462,-1.27205760572095,84.4,0.00979217567976583
"846",80.8,2.82780678553711,-1.27787715177845,84.5,0.00971659965221762
"847",80.9,2.82198723947961,-1.28369669783595,84.6,0.00964160124104948
"848",81,2.8161676934221,-1.28951624389346,84.7,0.00956717611897227
"849",81.1,2.8103481473646,-1.29533578995096,84.8,0.00949331998977161
"850",81.2,2.8045286013071,-1.30115533600846,84.9,0.00942002858810559
"851",81.3,2.79870905524959,-1.30697488206597,85,0.00934729767930331
"852",81.4,2.79288950919209,-1.31279442812347,85.1,0.00927512305916455
"853",81.5,2.78706996313459,-1.31861397418098,85.2,0.00920350055376039
"854",81.6,2.78125041707708,-1.32443352023848,85.3,0.00913242601923473
"855",81.7,2.77543087101958,-1.33025306629598,85.4,0.009061895341607
"856",81.8,2.76961132496208,-1.33607261235349,85.5,0.00899190443657561
"857",81.9,2.76379177890457,-1.34189215841099,85.6,0.00892244924932266
"858",82,2.75797223284707,-1.34771170446849,85.7,0.00885352575431939
"859",82.1,2.75215268678956,-1.353531250526,85.8,0.00878512995513279
"860",82.2,2.74633314073206,-1.3593507965835,85.9,0.00871725788423318
"861",82.3,2.74051359467456,-1.365170342641,86,0.00864990560280264
"862",82.4,2.73469404861705,-1.37098988869851,86.1,0.0085830692005447
"863",82.5,2.72887450255955,-1.37680943475601,86.2,0.0085167447954947
"864",82.6,2.72305495650205,-1.38262898081351,86.3,0.00845092853383141
"865",82.7,2.71723541044454,-1.38844852687102,86.4,0.00838561658968949
"866",82.8,2.71141586438704,-1.39426807292852,86.5,0.00832080516497297
"867",82.9,2.70559631832954,-1.40008761898602,86.6,0.00825649048916977
"868",83,2.69977677227203,-1.40590716504353,86.7,0.00819266881916709
"869",83.1,2.69395722621453,-1.41172671110103,86.8,0.0081293364390679
"870",83.2,2.68813768015703,-1.41754625715854,86.9,0.00806648966000843
"871",83.3,2.68231813409952,-1.42336580321604,87,0.00800412481997645
"872",83.4,2.67649858804202,-1.42918534927354,87.1,0.00794223828363081
"873",83.5,2.67067904198452,-1.43500489533105,87.2,0.0078808264421217
"874",83.6,2.66485949592701,-1.44082444138855,87.3,0.00781988571291207
"875",83.7,2.65903994986951,-1.44664398744605,87.4,0.0077594125396
"876",83.8,2.653220403812,-1.45246353350356,87.5,0.00769940339174193
"877",83.9,2.6474008577545,-1.45828307956106,87.6,0.007639854764677
"878",84,2.641581311697,-1.46410262561856,87.7,0.00758076317935226
"879",84.1,2.63576176563949,-1.46992217167607,87.8,0.00752212518214898
"880",84.2,2.62994221958199,-1.47574171773357,87.9,0.00746393734470977
"881",84.3,2.62412267352449,-1.48156126379108,88,0.00740619626376679
"882",84.4,2.61830312746698,-1.48738080984858,88.1,0.00734889856097088
"883",84.5,2.61248358140948,-1.49320035590608,88.2,0.00729204088272163
"884",84.6,2.60666403535198,-1.49901990196359,88.3,0.00723561989999844
"885",84.7,2.60084448929447,-1.50483944802109,88.4,0.00717963230819257
"886",84.8,2.59502494323697,-1.51065899407859,88.5,0.00712407482694008
"887",84.9,2.58920539717946,-1.5164785401361,88.6,0.00706894419995575
"888",85,2.58338585112196,-1.5222980861936,88.7,0.00701423719486799
"889",85.1,2.57756630506446,-1.5281176322511,88.8,0.0069599506030546
"890",85.2,2.57174675900695,-1.53393717830861,88.9,0.00690608123947966
"891",85.3,2.56592721294945,-1.53975672436611,89,0.00685262594253112
"892",85.4,2.56010766689195,-1.54557627042361,89.1,0.00679958157385956
"893",85.5,2.55428812083444,-1.55139581648112,89.2,0.00674694501821773
"894",85.6,2.54846857477694,-1.55721536253862,89.3,0.00669471318330112
"895",85.7,2.54264902871944,-1.56303490859612,89.4,0.00664288299958942
"896",85.8,2.53682948266193,-1.56885445465363,89.5,0.00659145142018891
"897",85.9,2.53100993660443,-1.57467400071113,89.6,0.00654041542067584
"898",86,2.52519039054693,-1.58049354676864,89.7,0.00648977199894063
"899",86.1,2.51937084448942,-1.58631309282614,89.8,0.00643951817503305
"900",86.2,2.51355129843192,-1.59213263888364,89.9,0.0063896509910084
"901",86.3,2.50773175237441,-1.59795218494115,90,0.00634016751077443
"902",86.4,2.50191220631691,-1.60377173099865,90.1,0.00629106481993933
"903",86.5,2.49609266025941,-1.60959127705615,90.2,0.00624234002566056
"904",86.6,2.4902731142019,-1.61541082311366,90.3,0.00619399025649459
"905",86.7,2.4844535681444,-1.62123036917116,90.4,0.00614601266224756
"906",86.8,2.4786340220869,-1.62704991522866,90.5,0.00609840441382686
"907",86.9,2.47281447602939,-1.63286946128617,90.6,0.00605116270309356
"908",87,2.46699492997189,-1.63868900734367,90.7,0.00600428474271576
"909",87.1,2.46117538391439,-1.64450855340118,90.8,0.00595776776602285
"910",87.2,2.45535583785688,-1.65032809945868,90.9,0.00591160902686064
"911",87.3,2.44953629179938,-1.65614764551618,91,0.00586580579944738
"912",87.4,2.44371674574188,-1.66196719157369,91.1,0.00582035537823065
"913",87.5,2.43789719968437,-1.66778673763119,91.2,0.00577525507774515
"914",87.6,2.43207765362687,-1.67360628368869,91.3,0.00573050223247136
"915",87.7,2.42625810756936,-1.6794258297462,91.4,0.00568609419669507
"916",87.8,2.42043856151186,-1.6852453758037,91.5,0.00564202834436773
"917",87.9,2.41461901545436,-1.6910649218612,91.6,0.00559830206896782
"918",88,2.40879946939685,-1.69688446791871,91.7,0.00555491278336286
"919",88.1,2.40297992333935,-1.70270401397621,91.8,0.00551185791967245
"920",88.2,2.39716037728185,-1.70852356003371,91.9,0.00546913492913214
"921",88.3,2.39134083122434,-1.71434310609122,92,0.00542674128195804
"922",88.4,2.38552128516684,-1.72016265214872,92.1,0.00538467446721242
"923",88.5,2.37970173910934,-1.72598219820622,92.2,0.0053429319926701
"924",88.6,2.37388219305183,-1.73180174426373,92.3,0.00530151138468561
"925",88.7,2.36806264699433,-1.73762129032123,92.4,0.00526041018806135
"926",88.8,2.36224310093682,-1.74344083637874,92.5,0.00521962596591636
"927",88.9,2.35642355487932,-1.74926038243624,92.6,0.0051791562995562
"928",89,2.35060400882182,-1.75507992849374,92.7,0.00513899878834335
"929",89.1,2.34478446276431,-1.76089947455125,92.8,0.00509915104956868
"930",89.2,2.33896491670681,-1.76671902060875,92.9,0.00505961071832367
"931",89.3,2.33314537064931,-1.77253856666625,93,0.00502037544737329
"932",89.4,2.3273258245918,-1.77835811272376,93.1,0.00498144290702999
"933",89.5,2.3215062785343,-1.78417765878126,93.2,0.00494281078502819
"934",89.6,2.3156867324768,-1.78999720483876,93.3,0.00490447678639981
"935",89.7,2.30986718641929,-1.79581675089627,93.4,0.00486643863335046
"936",89.8,2.30404764036179,-1.80163629695377,93.5,0.0048286940651365
"937",89.9,2.29822809430429,-1.80745584301128,93.6,0.00479124083794286
"938",90,2.29240854824678,-1.81327538906878,93.7,0.00475407672476163
"939",90.1,2.28658900218928,-1.81909493512628,93.8,0.00471719951527152
"940",90.2,2.28076945613178,-1.82491448118379,93.9,0.00468060701571801
"941",90.3,2.27494991007427,-1.83073402724129,94,0.00464429704879432
"942",90.4,2.26913036401677,-1.83655357329879,94.1,0.00460826745352317
"943",90.5,2.26331081795926,-1.8423731193563,94.2,0.00457251608513924
"944",90.6,2.25749127190176,-1.8481926654138,94.3,0.00453704081497251
"945",90.7,2.25167172584426,-1.8540122114713,94.4,0.00450183953033228
"946",90.8,2.24585217978675,-1.85983175752881,94.5,0.00446691013439196
"947",90.9,2.24003263372925,-1.86565130358631,94.6,0.00443225054607466
"948",91,2.23421308767175,-1.87147084964381,94.7,0.00439785869993945
"949",91.1,2.22839354161424,-1.87729039570132,94.8,0.00436373254606845
"950",91.2,2.22257399555674,-1.88310994175882,94.9,0.00432987004995468
"951",91.3,2.21675444949924,-1.88892948781633,95,0.00429626919239049
"952",91.4,2.21093490344173,-1.89474903387383,95.1,0.00426292796935698
"953",91.5,2.20511535738423,-1.90056857993133,95.2,0.00422984439191391
"954",91.6,2.19929581132673,-1.90638812598884,95.3,0.00419701648609048
"955",91.7,2.19347626526922,-1.91220767204634,95.4,0.00416444229277683
"956",91.8,2.18765671921172,-1.91802721810384,95.5,0.00413211986761619
"957",91.9,2.18183717315421,-1.92384676416135,95.6,0.00410004728089782
"958",92,2.17601762709671,-1.92966631021885,95.7,0.00406822261745065
"959",92.1,2.17019808103921,-1.93548585627635,95.8,0.00403664397653756
"960",92.2,2.1643785349817,-1.94130540233386,95.9,0.00400530947175049
"961",92.3,2.1585589889242,-1.94712494839136,96,0.00397421723090615
"962",92.4,2.1527394428667,-1.95294449444887,96.1,0.00394336539594247
"963",92.5,2.14691989680919,-1.95876404050637,96.2,0.00391275212281578
"964",92.6,2.14110035075169,-1.96458358656387,96.3,0.00388237558139858
"965",92.7,2.13528080469419,-1.97040313262138,96.4,0.00385223395537814
"966",92.8,2.12946125863668,-1.97622267867888,96.5,0.00382232544215565
"967",92.9,2.12364171257918,-1.98204222473638,96.6,0.00379264825274614
"968",93,2.11782216652168,-1.98786177079389,96.7,0.00376320061167901
"969",93.1,2.11200262046417,-1.99368131685139,96.8,0.00373398075689934
"970",93.2,2.10618307440667,-1.99950086290889,96.9,0.00370498693966974
"971",93.3,2.10036352834916,-2.0053204089664,97,0.00367621742447292
"972",93.4,2.09454398229166,-2.0111399550239,97.1,0.00364767048891499
"973",93.5,2.08872443623416,-2.0169595010814,97.2,0.00361934442362928
"974",93.6,2.08290489017665,-2.02277904713891,97.3,0.00359123753218095
"975",93.7,2.07708534411915,-2.02859859319641,97.4,0.00356334813097219
"976",93.8,2.07126579806165,-2.03441813925392,97.5,0.003535674549148
"977",93.9,2.06544625200414,-2.04023768531142,97.6,0.0035082151285028
"978",94,2.05962670594664,-2.04605723136892,97.7,0.00348096822338744
"979",94.1,2.05380715988914,-2.05187677742643,97.8,0.00345393220061706
"980",94.2,2.04798761383163,-2.05769632348393,97.9,0.00342710543937948
"981",94.3,2.04216806777413,-2.06351586954143,98,0.0034004863311442
"982",94.4,2.03634852171663,-2.06933541559894,98.1,0.00337407327957207
"983",94.5,2.03052897565912,-2.07515496165644,98.2,0.00334786470042559
"984",94.6,2.02470942960162,-2.08097450771394,98.3,0.00332185902147978
"985",94.7,2.01888988354411,-2.08679405377145,98.4,0.00329605468243374
"986",94.8,2.01307033748661,-2.09261359982895,98.5,0.00327045013482272
"987",94.9,2.00725079142911,-2.09843314588645,98.6,0.00324504384193089
"988",95,2.0014312453716,-2.10425269194396,98.7,0.00321983427870466
"989",95.1,1.9956116993141,-2.11007223800146,98.8,0.00319481993166661
"990",95.2,1.9897921532566,-2.11589178405897,98.9,0.00316999929883007
"991",95.3,1.98397260719909,-2.12171133011647,99,0.00314537088961419
"992",95.4,1.97815306114159,-2.12753087617397,99.1,0.00312093322475969
"993",95.5,1.97233351508409,-2.13335042223148,99.2,0.00309668483624515
"994",95.6,1.96651396902658,-2.13916996828898,99.3,0.00307262426720391
"995",95.7,1.96069442296908,-2.14498951434648,99.4,0.00304875007184153
"996",95.8,1.95487487691157,-2.15080906040399,99.5,0.00302506081535383
"997",95.9,1.94905533085407,-2.15662860646149,99.6,0.00300155507384551
"998",96,1.94323578479657,-2.16244815251899,99.7,0.00297823143424934
"999",96.1,1.93741623873906,-2.1682676985765,99.8,0.00295508849424589
"1000",96.2,1.93159669268156,-2.174087244634,99.9,0.00293212486218385
"1001",96.3,1.92577714662406,-2.1799067906915,100,0.00290933915700092
"1002",96.4,1.91995760056655,-2.18572633674901,100.1,0.0028867300081452
"1003",96.5,1.91413805450905,-2.19154588280651,100.2,0.0028642960554972
"1004",96.6,1.90831850845155,-2.19736542886401,100.3,0.00284203594929235
"1005",96.7,1.90249896239404,-2.20318497492152,100.4,0.00281994835004407
"1006",96.8,1.89667941633654,-2.20900452097902,100.5,0.00279803192846737
"1007",96.9,1.89085987027904,-2.21482406703653,100.6,0.00277628536540308
"1008",97,1.88504032422153,-2.22064361309403,100.7,0.0027547073517424
"1009",97.1,1.87922077816403,-2.22646315915153,100.8,0.00273329658835223
"1010",97.2,1.87340123210653,-2.23228270520904,100.9,0.00271205178600089
"1011",97.3,1.86758168604902,-2.23810225126654,101,0.00269097166528436
"1012",97.4,1.86176213999152,-2.24392179732404,101.1,0.00267005495655311
"1013",97.5,1.85594259393401,-2.24974134338155,101.2,0.00264930039983941
"1014",97.6,1.85012304787651,-2.25556088943905,101.3,0.00262870674478511
"1015",97.7,1.84430350181901,-2.26138043549655,101.4,0.00260827275057006
"1016",97.8,1.8384839557615,-2.26719998155406,101.5,0.00258799718584089
"1017",97.9,1.832664409704,-2.27301952761156,101.6,0.00256787882864042
"1018",98,1.8268448636465,-2.27883907366907,101.7,0.00254791646633745
"1019",98.1,1.82102531758899,-2.28465861972657,101.8,0.00252810889555719
"1020",98.2,1.81520577153149,-2.29047816578407,101.9,0.00250845492211207
"1021",98.3,1.80938622547399,-2.29629771184158,102,0.00248895336093308
"1022",98.4,1.80356667941648,-2.30211725789908,102.1,0.00246960303600166
"1023",98.5,1.79774713335898,-2.30793680395658,102.2,0.00245040278028194
"1024",98.6,1.79192758730147,-2.31375635001409,102.3,0.00243135143565362
"1025",98.7,1.78610804124397,-2.31957589607159,102.4,0.00241244785284521
"1026",98.8,1.78028849518647,-2.32539544212909,102.5,0.00239369089136782
"1027",98.9,1.77446894912896,-2.3312149881866,102.6,0.0023750794194494
"1028",99,1.76864940307146,-2.3370345342441,102.7,0.00235661231396941
"1029",99.1,1.76282985701396,-2.3428540803016,102.8,0.00233828846039405
"1030",99.2,1.75701031095645,-2.34867362635911,102.9,0.00232010675271189
"1031",99.3,1.75119076489895,-2.35449317241661,103,0.00230206609336995
"1032",99.4,1.74537121884145,-2.36031271847411,103.1,0.00228416539321028
"1033",99.5,1.73955167278394,-2.36613226453162,103.2,0.00226640357140699
"1034",99.6,1.73373212672644,-2.37195181058912,103.3,0.00224877955540371
"1035",99.7,1.72791258066894,-2.37777135664663,103.4,0.00223129228085155
"1036",99.8,1.72209303461143,-2.38359090270413,103.5,0.00221394069154739
"1037",99.9,1.71627348855393,-2.38941044876163,103.6,0.00219672373937281
"1038",100,1.71045394249643,-2.39522999481914,103.7,0.00217964038423323
